Isotope,half-life (yr),g/mol
Cm-245,8245,246.9896135
Pu-241,14.329,242.9577308
Am-241,432.6,242.9563423
Am-243,7345,244.9736722
